step,loss,step_time_s,elapsed_s,train_mode,baseline_mode,polar_hook,ablation,local_sgd_mode,local_sgd_steps,dp_world_size,pp_size,tp_size
0,10.700231552124023,19.720823387848213,19.939709457103163,polar,manual,io,full,,,2,8,1
1,6.94502067565918,15.353680769912899,35.295354902977124,polar,manual,io,full,,,2,8,1
2,5.255698204040527,15.397653202991933,50.69436686998233,polar,manual,io,full,,,2,8,1
3,6.215706825256348,15.42216361593455,66.11831927206367,polar,manual,io,full,,,2,8,1
4,6.068623065948486,15.340553986141458,81.46079371799715,polar,manual,io,full,,,2,8,1
5,5.667413711547852,15.219372886000201,96.6818128710147,polar,manual,io,full,,,2,8,1
6,6.416205406188965,15.306536696851254,111.99013583105989,polar,manual,io,full,,,2,8,1
7,5.158407211303711,15.294707036111504,127.2864719631616,polar,manual,io,full,,,2,8,1
8,5.454685211181641,15.280725114047527,142.56845766305923,polar,manual,io,full,,,2,8,1
9,5.775386810302734,15.25607603113167,157.82611465011723,polar,manual,io,full,,,2,8,1
10,5.136733055114746,15.30578343803063,173.13293406902812,polar,manual,io,full,,,2,8,1
11,4.75068473815918,15.30212344811298,188.4361347691156,polar,manual,io,full,,,2,8,1
12,5.863471984863281,15.220279725035653,203.65729407407343,polar,manual,io,full,,,2,8,1
13,5.543910980224609,15.3091593880672,218.967677856097,polar,manual,io,full,,,2,8,1
14,5.322136878967285,15.304443719796836,234.27312224009074,polar,manual,io,full,,,2,8,1
15,5.894760608673096,15.222330878023058,249.49676578608342,polar,manual,io,full,,,2,8,1
16,4.230705261230469,15.371471261838451,264.869188784156,polar,manual,io,full,,,2,8,1
17,4.618200302124023,15.234991749981418,280.10497292201035,polar,manual,io,full,,,2,8,1
18,5.008399963378906,15.2366739269346,295.3426298419945,polar,manual,io,full,,,2,8,1
19,4.131279468536377,15.29895475320518,310.64273241208866,polar,manual,io,full,,,2,8,1
20,5.017394065856934,15.197613757103682,325.8419248391874,polar,manual,io,full,,,2,8,1
21,5.659282684326172,15.278054564958438,341.12126508401707,polar,manual,io,full,,,2,8,1
22,5.017744064331055,15.233046568930149,356.35566608211957,polar,manual,io,full,,,2,8,1
23,4.256606101989746,15.332665821071714,371.689945690101,polar,manual,io,full,,,2,8,1
24,3.52828311920166,15.468235999112949,387.159769481048,polar,manual,io,full,,,2,8,1
25,4.532496452331543,15.34549909713678,402.5067823450081,polar,manual,io,full,,,2,8,1
26,5.059101104736328,15.476414403878152,417.9845391002018,polar,manual,io,full,,,2,8,1
27,4.403403282165527,15.21219908609055,433.19823925499804,polar,manual,io,full,,,2,8,1
28,4.825294494628906,15.2620533418376,448.46126699005254,polar,manual,io,full,,,2,8,1
29,4.710183143615723,15.322433138964698,463.7847152540926,polar,manual,io,full,,,2,8,1
30,5.604870796203613,15.276304542087018,479.06196293700486,polar,manual,io,full,,,2,8,1
31,4.284859657287598,15.271997644100338,494.3352205741685,polar,manual,io,full,,,2,8,1
32,5.029176712036133,15.225272464798763,509.5618117651902,polar,manual,io,full,,,2,8,1
33,4.605937957763672,15.242182768881321,524.8052797890268,polar,manual,io,full,,,2,8,1
34,4.322877407073975,15.399215860059485,540.2060558870435,polar,manual,io,full,,,2,8,1
35,5.184515953063965,15.454024663195014,555.661330456147,polar,manual,io,full,,,2,8,1
36,4.5594024658203125,15.420398005982861,571.0827143490314,polar,manual,io,full,,,2,8,1
37,4.848209381103516,15.303832239005715,586.387764070183,polar,manual,io,full,,,2,8,1
38,4.394464492797852,15.40529242507182,601.7940575610846,polar,manual,io,full,,,2,8,1
39,3.789161205291748,15.304381522117183,617.0996480130125,polar,manual,io,full,,,2,8,1
40,4.88849401473999,15.462468694895506,632.5635990460869,polar,manual,io,full,,,2,8,1
41,5.3863606452941895,15.231476321816444,647.7963364401367,polar,manual,io,full,,,2,8,1
42,4.533113956451416,15.35073930490762,663.1482758009806,polar,manual,io,full,,,2,8,1
43,4.8760457038879395,15.313086921116337,678.4623849149793,polar,manual,io,full,,,2,8,1
44,3.5416858196258545,15.511243697954342,693.9747618350666,polar,manual,io,full,,,2,8,1
45,4.266242027282715,15.294690871844068,709.2703351520468,polar,manual,io,full,,,2,8,1
46,3.695870876312256,15.163685075007379,724.4348613549955,polar,manual,io,full,,,2,8,1
47,5.288891792297363,15.273680599872023,739.709481085185,polar,manual,io,full,,,2,8,1
48,4.675837993621826,15.168911233078688,754.8796695081983,polar,manual,io,full,,,2,8,1
49,4.354235649108887,15.247925598174334,770.1284169449937,polar,manual,io,full,,,2,8,1
50,4.480942726135254,15.222442717989907,785.3518803371117,polar,manual,io,full,,,2,8,1
51,4.383356094360352,15.257299005053937,800.6104476661421,polar,manual,io,full,,,2,8,1
52,4.649833679199219,15.13204020098783,815.7435692481231,polar,manual,io,full,,,2,8,1
53,3.947892904281616,15.271451072068885,831.0160082620569,polar,manual,io,full,,,2,8,1
54,4.304821491241455,15.21585355582647,846.2329647131264,polar,manual,io,full,,,2,8,1
55,5.271463394165039,15.278888325905427,861.5129845181946,polar,manual,io,full,,,2,8,1
56,4.779796600341797,15.551538588944823,877.0657171970233,polar,manual,io,full,,,2,8,1
57,4.472491264343262,15.457831757841632,892.5244046901353,polar,manual,io,full,,,2,8,1
58,4.54467248916626,15.40620483015664,907.931882849196,polar,manual,io,full,,,2,8,1
59,5.349782943725586,15.475870552007109,923.4089667832013,polar,manual,io,full,,,2,8,1
60,4.8660759925842285,15.159176375949755,938.5697697731666,polar,manual,io,full,,,2,8,1
61,4.578756332397461,15.486183146946132,954.0575926969759,polar,manual,io,full,,,2,8,1
62,4.299957275390625,15.25431398791261,969.3128410961945,polar,manual,io,full,,,2,8,1
63,4.677276611328125,15.306206480134279,984.6204929060768,polar,manual,io,full,,,2,8,1
64,5.02663516998291,15.3524496818427,999.9740937831812,polar,manual,io,full,,,2,8,1
65,4.022493839263916,15.38040882605128,1015.35594911105,polar,manual,io,full,,,2,8,1
66,4.572102069854736,15.186033524107188,1030.543326413026,polar,manual,io,full,,,2,8,1
67,4.593504905700684,15.509685344062746,1046.0542334089987,polar,manual,io,full,,,2,8,1
68,4.300184726715088,15.280099163996056,1061.335815682076,polar,manual,io,full,,,2,8,1
69,4.085116863250732,15.548691211966798,1076.8859142470174,polar,manual,io,full,,,2,8,1
70,4.8406982421875,15.3063421449624,1092.1930921080057,polar,manual,io,full,,,2,8,1
71,5.152707099914551,15.17017982318066,1107.3646445970517,polar,manual,io,full,,,2,8,1
72,3.7573933601379395,15.342822181992233,1122.708971390035,polar,manual,io,full,,,2,8,1
73,4.746852397918701,15.276966373901814,1137.987057771068,polar,manual,io,full,,,2,8,1
74,3.8633615970611572,15.207527795108035,1153.1956108161248,polar,manual,io,full,,,2,8,1
75,5.005931854248047,15.311167230829597,1168.5079596200958,polar,manual,io,full,,,2,8,1
76,3.6786065101623535,15.41374555695802,1183.9232447941322,polar,manual,io,full,,,2,8,1
77,5.053122520446777,15.337132656015456,1199.2613420120906,polar,manual,io,full,,,2,8,1
78,3.7067878246307373,15.399899819865823,1214.6626894332003,polar,manual,io,full,,,2,8,1
79,4.432487487792969,15.550063390051946,1230.2139533141162,polar,manual,io,full,,,2,8,1
80,4.670313835144043,15.244354230118915,1245.459616178181,polar,manual,io,full,,,2,8,1
81,4.15077543258667,15.230690506054088,1260.6917191701941,polar,manual,io,full,,,2,8,1
82,4.174137592315674,15.3526965030469,1276.0453432630748,polar,manual,io,full,,,2,8,1
83,4.208271026611328,15.246866157045588,1291.2938146390952,polar,manual,io,full,,,2,8,1
84,3.834580898284912,15.300842547090724,1306.5954822660424,polar,manual,io,full,,,2,8,1
85,4.605822563171387,15.624053573934361,1322.2211659899913,polar,manual,io,full,,,2,8,1
86,3.8594000339508057,15.261096633039415,1337.4831230430864,polar,manual,io,full,,,2,8,1
87,3.608022928237915,15.267735530156642,1352.7519647120498,polar,manual,io,full,,,2,8,1
88,4.369157791137695,15.241327658994123,1367.9943417841569,polar,manual,io,full,,,2,8,1
89,4.734767913818359,15.42320225900039,1383.4185177870095,polar,manual,io,full,,,2,8,1
90,3.711991786956787,15.229009847855195,1398.6484854440205,polar,manual,io,full,,,2,8,1
91,4.148848533630371,15.208330009831116,1413.8576415500138,polar,manual,io,full,,,2,8,1
92,4.602532863616943,15.247639958979562,1429.106368725188,polar,manual,io,full,,,2,8,1
93,4.50125789642334,15.276881549041718,1444.3845668840222,polar,manual,io,full,,,2,8,1
94,4.593869209289551,15.283034744905308,1459.6692068751436,polar,manual,io,full,,,2,8,1
95,3.543454647064209,15.2804508600384,1474.9507645640988,polar,manual,io,full,,,2,8,1
96,3.79548716545105,15.162064649164677,1490.114069410134,polar,manual,io,full,,,2,8,1
97,4.077485084533691,15.254240987123922,1505.3695626510307,polar,manual,io,full,,,2,8,1
98,4.221597671508789,15.371274139964953,1520.7419365451206,polar,manual,io,full,,,2,8,1
99,4.475003719329834,15.32067464897409,1536.0638982260134,polar,manual,io,full,,,2,8,1
